Hindi,Tulu
नमस्ते,ನಮಸ್ತೆ
सुप्रभात,ಶುಭೋದಯ
शुक्रिया,ಸೊಲ್ಮೆಲು
शुभ संध्या,ಬಯ್ಯದ ಎಡ್ಡೆಪ್ಪುಲು
माफ करें,ತಪ್ಪಾಂಡ್
कृपया,ದಯಮಲ್ತುದು
सहायता,ಸಹಾಯ
खुश,ಸಂತೋಷ
दुखी,ದುಃಖ
सच्चा,ಸತ್ಯವಂತ
झूठ,ಸುಳ್ಳು
जल्दी,ಬೇಗ
धीरे,ನಿಧಾನ
अच्छा,ಏಡ್ಡೆ
छुट्टी,ರಜೆ
काम,ಬೇಲೆ
लोग,ಜನ
चुनना,ಅರ್ತ್‌ದ್
जिद्दी,ಛದಿ
"दादा,नाना",ಅಜ್ಜೆರ್;ಅಜ್ಜ
"दादी,नानी",ಅಜ್ಜಿ
जंगल,ಕಾಡ್
खाली,ಖಾಲಿ
भरा हुआ,ಇಡೀ
हम,ನಮ
बाधा,ಅಡೆತಡೆ
माथा,ನೆತ್ತಿ
सास,ಅತ್ತೆ
ससुर,ಮಾಮು
नहीं,ಇಜ್ಜಿ
भाग्य,ನಸೀಬು
चमत्कार,ಪವಾಡ
अनाथ,ಅನಾಥೆ
संदेह,ಸಂಶಯ
नास्तिकता,ಅಪನಂಬಿಕೆ
अनादर,ಅಗೌರವ
अपराध,ಅಪರಾಧ
माँ,ಅಪ್ಪೆ
पिता,ಅಮ್ಮೆ
भाई,ಪಲಯೆ
बड़ी बहन,ಅಕ್ಕ
छोटी बहन,ಮೆಗ್ದಿ
राय,ಅಭಿಪ್ರಾಯ
जुड़वां,ಅವಳಿ
अपवित्र करना,ಅಪವಿತ್ರ
अयोग्य,ಅಯೋಗ್ಯ
महल,ಅರಮನೆ
चावल,ಅರಿ
प्रसाद,ಅರ್ಪಣೆ
अवतार,ಅವತಾರ
दुर्भाग्य,ದುರದೃಷ್ಟ
गर्व,ಪೆರ್ಮೆ
यहाँ,ಮುಲ್ಪ
वहाँ,ಅಲ್ಪ
अँगूठी,ಉಂಗುರ
साँप,ಸರ್ಪ
गुस्सा,ಕೋಪ
भोजन,ಒಣಸ್
नमक,ಉಪ್ಪು
परेशान करना,ಉಪದ್ರ
एक सेवा,ಒಂಜಿ ಸೇವೆ
होना,ಅವೊಡಾಯಿನ
अचार,ಉಪ್ಪಡ್
गर्मी,ಬೆಚ್ಚ
बुखार,ಜ್ವರ
फूँक मारना,ಉರ್ಪುನು
अनुमान,ಊಹೆ
तेल,ಎಣ್ಣೆ
कैसे,ಎಂಚ
कहाँ,ಒಲ್ಪ
गिनती करना,ಲೆಕ್ಕ
काली मिर्च,ಎಡ್ದೆ ಮುಂಚಿ
ऊंचा,ಎತ್ತರ
एक,ಒಂಜಿ
दो,ರಡ್ಡ್
तीन,ಮೂಜಿ
चार,ನಾಲ್
पाँच,ಐನ್
छह,ಆಜಿ
सात,ಏಳ್
आठ,ಎಣ್ಮ
नौ,ಒರಂಬ
दस,ಪತ್ತು
चूहा,ಎಲಿ
पत्ता,ಇರೆ
फूल,ಪೂ
जड़,ಬೇರ್
संगीत,ಪದ್ಯ
नृत्य,ನಲ್ಪು
चढ़ना,ಏರುನ
जागो,ಲಕ್ಕ್
सो जाओ,ಜೆಪ್ಪು
रविवार,ಅಯಿತಾರ
सोमवार,ಸೋಮಾರ
मंगलवार,ಅಂಗಾರೆ
बुधवार,ಬುದಾರ
गुरुवार,ಗುರುವಾರ
शुक्रवार,ಶುಕ್ರಾರ
शनिवार,ಶನಿವಾರ
छाता,ಕೊಡೆ
बारिश,ಬರ್ಸ
खाना किया?,ತಿಂಡಿ ಆಂಡ?
क्या तुमने ख़त्म कर दिया?,ಈರ್ ಮುಗಿತರ?
आप कहाँ से हैं?,ಈರ್ ಒಲ್ಪದಾರ್?
आप नाराज हो गए क्या?,ಇರೆಗ್ ಕೋಪ ಉಂಡಾ?
वह कैसी है?,ಆಲ್ ಎಂಚ ಉಲ್ಲಾಲ್?
दोपहर का भोजन किया?,ಮಧ್ಯಾಹ್ನದ ವನಸ್ ಆಂಡ?
आपको क्या हुआ?,ಇರೆಗ್ ದಾದ ಆಂಡ್?
मैं मैंगलोर से हूं,ಯಾನ್ ಮಂಗಳೂರುಡ್ದ್
मैं रात के खाने के लिए बाहर जा रहा हूँ,ಯಾನ್ ವನಸ್ಗು ಪಿದಯಿ ಪೋವೊಂದುಲ್ಲೆ
आपको यहाँ देखकर ख़ुशी हुई,ನಿಕುಲೆನ್ ಮುಲ್ಪ ತೂದು ಖುಶಿ ಆಂಡ್
कल मैं घर गया,ಕೋಡೆ ಯಾನ್ ಇಲ್ಲಗ್ ಪೋಯೆ
एक भावुक आदमी,ಒರಿ ಉತ್ಸಾಹಿ ಮನುಷ್ಯೆ
परसों,ಯೆಲ್ಲೆಂಜಿ
नीचे उतरो,ತಿರ್ತು ಜಪ್ಪುಲೆ
पेड़ पर चढ़ो,ಮರಕ್ ಏರುಲೆ
क्या आप आ सकते हैं?,ಈರ್ ಬರೊಲಿಯಾ?
आपका क्या नाम है?,ನಿನ್ನ ಪುದರ್ ದಾದ?
आप कैसे हैं?,ಯೀರ್ ಎಂಚ ಉಲ್ಲರ್?
हमारी परीक्षा है,ಎಂಕ್ಲೆಗ್ ಪರೀಕ್ಷೆ ಉಂಡು
सभी को नमस्कार,ಮಾತೆರೆಗ್ಲಾ ನಮಸ್ಕಾರ
चलो कल मंदिर चलें,ಎಲ್ಲೆ ಯೆಂಕ್ಲ್ ದೇವಸ್ಥಾನೊಗು ಪೋಯಿ
इसकी कीमत कितनी होती है?,ಉಂದೆಕ್ ಏತ್ ಖರ್ಚು ಆಪುಂಡು
मुझे किस दिशा में जाना चाहिए?,ಯಾನ್ ಒವ್ವೆ ದಿಕ್ಕ್ ಗ್ ಪೋವೊಡು?
मुझे क्या खरीदना चाहिए,ಯಾನ್ ದಾದ ದೆತೊನೊಡು
मेरे घर आओ,ಎನ್ನ ಇಲ್ಲಗ್ ಬಲೆ
भगवान आपका भला करे,ದೇವೆರ್ ಎಡ್ಡೆ ಮಾಲ್ಪಡ್
अब समय क्या है?,ಗಂಟೆ ಏತಾಂಡ್
बहुत दिनों से मुलाकात नहीं हुई,ಮಸ್ತು ಸಮಯ ಆಂಡು ತೂವಂದೆ
क्या आप तुलु बोलते हैं?,ನಿಕ್ಲೆಗ್ ತುಳು ಗೊತ್ತುಂಡಾ?
कृपया उसे फिर से कहें,ದಯಮಲ್ತ್ ಅವೆನ್ ಪುನರ್ ಪನ್ಲೆ
आपकी क्या उम्र है?,ಈರೆಗ್ ಏತ್ ಪ್ರಾಯ ಆಂಡ್?
मैं समझ सकता हूँ,ಎಂಕ್ ಅರ್ಥ ಆಪುಂಡು
आगे बढ़ो,ದುಂಬು ಪೋಲೆ
मुझें नहीं पता,ಎಂಕು ಗೊತ್ತು ಇಜ್ಜಿ
पीछे जाओ,ಪಿರ ಪೋಲೆ
आप इसे तुलु में क्या कहेंगे?,ಉಂದೆನ್ ತುಳುಟ್ ಎಂಚ ಪನ್ಪೆರ್?
धीरे - धीरे बात करें,ದಯಮಲ್ತ್ ನಿಧಾನವಾದ್ ಪಾತೆರ್ಲೆ
यह कितने का है?,ನೆಕ್ಕ್ ಏತ್
मुझे प्यास लगी है,ಎಂಕ್ ಬಾಜೆಲ್ ಆವೊಂದುಂಡು
मुझे भूख लगी है,ಎಂಕ್ ಬಡ ಆವೊಂದುಂಡು
अंदर आ जाइए,ಉಲಾಯಿ ಬಲೆ
"ठीक है, आपसे अगली बार मिलता हूँ","ಸರಿ,ಬೊಕ್ಕ ತಿಕ್ಗ"
मैं छुट्टी पर हूँ,ಯಾನ್ ರಜೆಡ್ ಉಲ್ಲೆ
मैं यहाँ काम करने आया हूँ,ಯಾನ್ ಬೇಲೆ ಮಲ್ಪೆರೆ ಇಡೆಗ್ ಬೈದೆ
मुझे संगीत सुनना पसन्द है,ಎಂಕ್ ಸಂಗೀತ ಕೇನ್ರೆ ಇಷ್ಟ
आपको अपने खाली समय में क्या करना पसंद है?,ನಿಕ್ಲೆನ ಬಿಡುವಿನ ಸಮಯೊಡು ದಾದ ಮಲ್ಪೆರೆ ಇಷ್ಟ?
आप से बात कर अच्छा लगा।,ಇರ್ನೊಟ್ಟುಗೆ ಪಾತೆರ್ದ್ ಖುಶಿ ಆಂಡ್
मुझे पता नहीं है,ಎಂಕ್ ದಾಲ ಗೊತ್ತುಜ್ಜಿ
अभी बारिश हो रही है,ಇತ್ತೆ ಬರ್ಸ ಬರ್ಪುಂಡು
आसमान,ಆಕಾಶ
पवन,ಗಾಳಿ
खिड़की,ಕಂಡಿ
दरवाजा,ಬಾಕಿಲ್
सफर,ತಿರ್ಗಾಟ
बच्चा,ಬಾಲೆ
परिवार,ಕುಟುಂಬ
दोस्त,ಸ್ನೇಹಿತೆ
पड़ोसी,ನೆರೆಕರೆ
खुशी,ಖುಷಿ
दुख,ದುಃಖ
प्यार,ಪ್ರೀತಿ
नफरत,ಪಗೆತ
गर्म,ಬೆಚ್ಚ
ठंडा,ಚಳಿ
सुबह,ಕಾಂಡೆ
रात,ರಾತ್ರೆ
शाम,ಬಯ್ಯ
नदी,ಸುದೆ
समुद्र,ಕಡಲ್
पहाड़,ಪರ್ವತ
किताब,ಪುಸ್ತಕ
कागज,ಕಾಕಜಿ
कलम,ಪೆನ್ನ್
लिखना,ಬರೆಲೆ
पढ़ना,ಓದುನು
सिखाना,ಕಲ್ಪಾವುನ
खेलना,ಆಟ
मैदान,ಕ್ಷೇತ್ರೊ
जंगल,ಕಾಡ್
जानवर,ಪ್ರಾಣಿ
पक्षी,ಪಕ್ಕಿ
मछली,ಮೀನ್
घोड़ा,ಕುದುರೆ
कुत्ता,ನಾಯಿ
बिल्ली,ಪುಚ್ಚೆ
गाय,ಪೆತ್ತ
बकरी,ಏಡ್
खरगोश,ಮುಗ್ಗೆರ್
शेर,ಸಿಮ
हाथी,ಆನೆ
खरगोश,ಮುಗ್ಗೆರ್
ऊंट,ಒಂಟೆ
चीता,ಪಿಲಿ
बंदर,ಮಂಗೆ
भेड़,ಕುರಿತ ಕಿನ್ನಿ
साँप,ಉಚ್ಚು
मकड़ी,ಜೇಡ
पेड़,ಮರ
पौधा,ದೈ
फल,ಪರ್ ನ್ದ್
सब्जी,ತರ್ಕಾರಿ
खाना,ತಿನ್
पानी,ನೀರ್
दूध,ಪೇರ್
रोटी,ರೊಟ್ಟಿ
अचार,ಉಪ್ಪಿನಕಾಯಿ
मिठाई,ತೀಪೆ
नमकीन,ಉಪ್ಪುದ
खट्टा,ಪುಲಿ
मीठा,ತೀಪೆ
तीखा,ಮಸಾಲೆದ
रंग,ಬಣ್ಣ
सफेद,ಬೊಳ್ದು
काला,ಕಪ್ಪು
नीला,ನೀಲಿ
हरा,ಪಚ್ಚೆ
लाल,ಕೆಂಪು
पीला,ಮಂಜಲ್
नारंगी,ಕಿತ್ತಲೆ
गुलाबी,ಗುಲಾಬಿ
बैंगनी,ನೇರಳೆ
भूरा,ತೌಡು
सोना,ಜೆಪ್ಪು
चांदी,ಬೊಲ್ಲಿ
तांबा,ತಾಮ್ರ
लोहा,ಕರ್ಬ
हीरा,ವಜ್ರ
मोती,ಮುತ್ತು
पत्थर,ಕಲ್ಲ್
मिट्टी,ಮಣ್ಣ್
धूल,ಧೂಳು
आंधी,ಬಿರುಗಾಳಿ
तूफान,ಚಂಡಮಾರುತ
बरसात,ಬರ್ಸ
बर्फ,ಐಸ್
ठंड,ಚಳಿ
गर्मी,ಬೆಚ್ಚ
मौसम,ಕಾಲ
समय,ಪೊರ್ತು
दिन,ದಿನ
तारीख,ದಿನಾಂಕ
महीना,ತಿಂಗೊಲ್
साल,ವರ್ಷ
घंटा,ಗಂಟೆ
मिनट,ನಿಮಿಶೊಲು
सेकंड,ಸೆಕೆಂಡ್
पहले,ಕಡಿರ್
बाद,ಬೊಕ
जल्दी,ಬೇಗ
देर,ತಡ
इंतजार,ಕಾಪು
मौका,ಅವಕಾಶ
खुशी,ಖುಷಿ
सफलता,ಯಶಸ್ಸು
असफलता,ಸೋಪುನು
हार,ಮಾಲೆ
जीत,ಗೆಲುವು
ताकत,ಬಲ
कमजोरी,ನಿಶ್ಯಕ್ತಿ
स्वास्थ्य,ಆರೋಗ್ಯ
बीमारी,ಸೀಕ್
डॉक्टर,ಡಾಕ್ಟ್ರು
दवा,ಮರ್ದ್
अस्पताल,ಆಸ್ಪತ್ರೆ
मदद,ಸಹಾಯ
सेवा,ಸೇವೆ
परिवार,ಕುಟುಂಬ
माता,ಅಪ್ಪೆ
पिता,ಅಮ್ಮೆ
बहन,ಮೆಗ್ದಿ
भाई,ಪಲಯೆ
चाचा,ಮಾಮು
चाची,ಮಾಮಿ
ताऊ,ದೊಡ್ಡಪ್ಪ
ताई,ಅಕ್ಕ
मामा,ಮಾಮು
मामी,ಮಾಮಿ
दादी,ಅಜ್ಜಿ
दादा,ಅಜ್ಜ
नाना,ಅಜ್ಜ
नानी,ಅಪ್ಪೆನ ಅಜ್ಜಿ
बेटी,ಮಗಲ್
बेटा,ಮಗೆ
मंगेतर,ಮದಿಮೆ ಆಪುನಾರ್
पति,ಕಂಡನೆ
पत्नी,ಬೊಡೆದಿ
रिश्ते,ಸಂಬಂಧೊಲು
दोस्त,ಸ್ನೇಹಿತೆ
दुश्मन,ಶತ್ರು
झगड़ा,ಲಡಾಯಿ
सुलह,ರಾಜಿ ಮಲ್ಪುನ
बात,ಪಾತೆರ
बातचीत,ಪಾತೆರಕತೆ
सवाल,ಪ್ರಶ್ನೆ
जवाब,ಉತ್ತರ
संवाद,ಸಂಭಾಷಣೆ
सपना,ಕನ
हकीकत,ವಾಸ್ತವಿಕತೆ
विचार,ಉಪಾಯ
अनुभव,ಅನುಭವ
भावना,ಭಾವನೆ
शांति,ಶಾಂತತೆ
युद्ध,ಯುದ್ಧ
संघर्ष,ಲಡಾಯಿ
योजना,ಯೋಜನೆ
लक्ष्य,ಏಮ್
महत्वाकांक्षा,ಮಲ್ಲ ಉದ್ದೇಶ
इच्छा,ಬಯಕೆ
प्रयास,ಪ್ರಯತ್ನ್ಸ
मेहनत,ಕಷ್ಟದ ಬೇಲೆ
आराम,ಆರಾಮ
योग,ಒಟ್ಟು
साधना,ಧ್ಯಾನ
पूजा,ಪ್ರಾರ್ಥನೆ
मंदिर,ದೇವಸ್ಥಾನ
मस्जिद,ಮಸೀದಿ
चर्च,ಚರ್ಚ್
गुरुद्वारा,ಗುರುದ್ವಾರ
प्रार्थना,ಪ್ರಾರ್ಥನೆ
भगवान,ದೇವೆರ್
देवता,ದೇವೆರ್
देवी,ದೇವಿ
आत्मा,ಆತ್ಮ
दान,ದಾನ
सेवा,ಸೇವೆ
कर्तव्य,ಕಜ್ಜ
अधिकार,ಹಕ್ಕುಲು
न्याय,ನ್ಯಾಯ
समानता,ಸಮಾನತೆ
स्वतंत्रता,ಸ್ವಾತಂತ್ರ್ಯ
कानून,ಕಾನೂನು
अदालत,ಕೋರ್ಟು
अपराध,ಅಪರಾಧ
जुर्म,ಅಪರಾಧ
सजा,ಶಿಕ್ಷೆ
माफी,ಕ್ಷಮೆ
नियम,ನಿಯಮ
पालन,ಒಪ್ಪಿಗೆ
सुरक्षा,ಕಾಪುನಾಯೆ
खतरा,ಅಪಾಯ
सतर्कता,ಜಾಗ್ರತೆ
साधन,ಸಂಪನ್ಮೂಲ
प्रगति,ಪ್ರಗತಿ
विकास,ಅಭಿವೃದ್ಧಿ
आलू,ಬಟಾಟೆ
पपीता,ಪಪ್ಪಾಯಿ
संतरा,ಕಿತ್ತಲೆ
केला,ಪರ್ನ್ದು
नींबू,ನಿಂಬೆ
गोभी,ಹೂಕೋಸು
मटर,ಬಟಾಣಿ
मिर्च,ಮೆಣಸಿನಕಾಯಿ
अदरक,ಸೂಂಠಿ
टमाटर,ಟೊಮೆಟೊ
लौकी,ಬಾಟಲಿ ಕೋಸು
चुकंदर,ಬೀಟ್ರೂಟ್
मूली,ಮೂಲಂಗಿ
गाजर,ಕ್ಯಾರೆಟ್
पालक,ಬಸಳೆ
तोरी,ಕುಂಬಳಕಾಯಿ
सेब,ಸೇಬ್
अनार,ದಾಳಿಂಬೆ
अमरूद,ಪೇರಳೆ
लीची,ಲಿಚ್ಚಿ
जामुन,ಜಾಮುನ್
आंवला,ಗೂಸ್ಬೆರಿ
फालसा,ಫಾಲ್ಸಾ
बेल,ಬೆಲ್
खरबूजा,ಕಲ್ಲಂಗಡಿ
तरबूज,ಬಚ್ಚಂಕಾಯಿ
जलेबी,ಜಲೆಬಿ
गुलाब जामुन,ಸಿಹಿ ಖಾದ್ಯ
रसगुल्ला,ರಸ್ಗುಲ್ಲ
मिठाई,ತೀಪೆ
दूध,ಪೇರ್
दही,ದೋಸೆ
मक्खन,ಬೊಳ್ ನೈ
पनीर,ಬೊಳ್ನೆಯ್
छाछ,ಮಜ್ಜಿಗೆ
मलाई,ಕೆನೆ
दाल,ಮಸೂರ
बेसन,ಗ್ರಾಂ ಹಿಟ್ಟು
मसाला,ಮಸಾಲೆ
हल्दी,ಮಂಜಲ್
लहसुन,ಬೊಳ್ಳುಳ್ಳಿ
प्याज,ನೀರುಳ್ಳಿ
हरी मिर्च,ಪಚ್ಚೆ ಮು೦ಚಿ
लाल मिर्च,ಕೆಂಪು ಮು೦ಚಿ
धनिया,ಕೊತ್ತಂಬರಿ
जीरा,ಜೀರಿಗೆ
कसूरी मेथी,ಮೆಂತೆ ಬೀಜೊಲು
चटनी,ಚಟ್ನಿ
सूप,ಸಾರ್
पुलाव,ಪಲಾವ್
बिरयानी,ಬಿರಿಯಾನಿ
खिचड़ी,ಕಿಚಡಿ
इडली,ಇಡ್ಲಿ
डोसा,ದೋಸೆ
रसम,ರಸಮ್
सांभर,ಸಾಂಬಾರ್
पोंगल,ಪೊಂಗಲ್
उपमा,ಉಪಮಾ
पराठा,ಪರಥ
पूड़ी,ಪುರಿ
मक्के की रोटी,ಕಾರ್ನ್ ಬ್ರೆಡ್
लस्सी,ಲಸ್ಸಿ
शरबत,ಶರ್ಬೆಟ್
जूस,ಜ್ಯೂಸ್
कॉफी,ಕಾಫಿ
चाय,ಚಾ
भुट्टा,ಜೋಳ
तंदूरी,ತಂದೂರಿ
कोफ्ता,ಕೊಫ್ತಾ
कचौड़ी,ಕಚೋರಿ
पकौड़ा,ಪಕೊಡ
समोसा,ಸಮೋಸಾ
ढोकला,ಧೋಕ್ಲ
खाकरा,ಖಕ್ರ
थाली,ಪ್ಲೇಟ್
चपाती,ಚಪತಿ
बाजरा,ರಾಗಿ
जौ,ಬಾರ್ಲಿ
गेहूं,ಗೋಧಿ
मूंग,ಮೂಂಗ್
मसूर,ಮಸೂರ
उड़द,ಉರಾದ್
चना,ಗ್ರಾಮ್
मूंगफली,ನೆಲಕಾಯಿ
साबूदाना,ಸಾಗೊ
सत्तू,ಬಾರ್ಲಿ
आम,ಕುಕ್ಕು
शहद,ಜೇನು
गुड़,ಬೆಲ್ಲ
बर्फ,ಐಸ್
समुद्र,ಕಡಲ್
नदी,ತುದೆ
झील,ಮಲ್ಲ ಕಿರೆ
तालाब,ಕೆದು
झरना,ಜಲಪಾತ
पहाड़,ಪರ್ವತ
पत्थर,ಕಲ್ಲು
रेगिस्तान,ಪಡಿಲ್ ನೆಲ
जंगल,ಕಾಡ್
खेत,ತೋಟ
आकाश,ಬಾನ
सूरज,ಸೂರ್ಯೆ
चाँद,ಚಂದ್ರೆ
तारे,ನಕ್ಷತ್ರೊಲು
रात,ರಾತ್ರೆ
शाम,ಬಯ್ಯ
सुबह,ಕಾಂಡೆ
सर्दी,ಚಳಿಗಾಲ
बरसात,ಬರ್ಸ
मौसम,ಕಾಲ
तापमान,ತಾಪಮಾನ
बिजली,ವಿದ್ಯುತ್
बादल,ಮೋಡ
हवा,ಗಾಳಿ
आंधी,ಬಿರುಗಾಳಿ
शांति,ಶಾಂತತೆ
ताकत,ಬಲ
ज्ञान,ಜ್ಞಾನ
शिक्षा,ಕಲ್ಪಾಟಿಗೆ
सीख,ಕಲಿಪಾಟಿಕೆ
समझ,ಅರ್ಥ ಮಲ್ಪುನ
ज्ञान,ಜ್ಞಾನ
गुरु,ಗುರುಕ್ಕುಲು
विद्यार्थी,ವಿದ್ಯಾರ್ಥಿ
विद्यालय,ಶಾಲೆ
कक्षा,ಕ್ಲಾಸ್
शिक्षक,ಗುರುಕ್ಕುಲು
शिक्षा,ಶಿಕ್ಷಣ
पाठ,"ಪಾಠ,"
पुस्तक,ಪುಸ್ತಕ
पढ़ाई,ಅಧ್ಯಯನ
अंक,ಅಂಕ
परीक्षा,ಪರೀಕ್ಷೆ
परिणाम,ಫಲಿತ
विषय,ವಿಷಯ
विज्ञान,ವಿಜ್ಞಾನ
गणित,ಗಣಿತ
कला,ಕಲೆಗಾರಿಕೆ
समाज,ಸಮಾಜ
इतिहास,ಚರಿತ್ರೆ
भूगोल,ಭೂಗೋಳಶಾಸ್ತ್ರ
भाषा,ಭಾಷೆ
अंग्रेजी,ಇಂಗ್ಲಿಷ್
संस्कृत,ಸಂಸ್ಕೃತ
हिंदी,ಹಿಂದಿ
स्पोर्ट्स,ಕ್ರೀಡೆ
प्रतियोगिता,ಪಂತ
खेल,ಗೊಬ್ಬು
मैदान,ಕ್ಷೇತ್ರೊ
दौड़,ಪಂತ
फुटबॉल,ಫುಟ್ಬಾಲ್
क्रिकेट,ಕ್ರಿಕೆಟ್
बास्केटबॉल,ಬಾಸ್ಕೆಟ್ಬಾಲ್
वॉलीबॉल,ವಾಲಿಬಾಲ್
बैडमिंटन,ಬ್ಯಾಡ್ಮಿಂಟನ್
टेनिस,ಟೆನ್ನಿಸ್
हॉकी,ಹಾಕಿ
तैराकी,ನೀಂದುನು
कुश्ती,ಕುಸ್ತಿ
योगा,ಯೋಗ
ध्यान,ಗುಮನ
संगीत,ಪದ್ಯ
नृत्य,ನಲ್ಪು
चित्रकला,ಚಿತ್ರ
पेंटिंग,ಚಿತ್ರ
मूर्ति,ಮೂರ್ತಿ
नाटक,ನಾಟಕ
लेखन,ಬರೆಪಿನಿ
कविता,ಪದ್ಯ
कहानी,ಕತೆ
संवाद,ಸಂಭಾಷಣೆ
भाषण,ಪಾತೆರ
विचार,ಉಪಾಯ
प्रेरणा,ಸ್ಪೂರ್ತಿ
आदर्श,ಮಾದರಿ
उद्देश्य,ಉದ್ದೇಶ
साहस,ಧೈರ್ಯ
भरोसा,ಭರವಸೆ
विश्वास,ನಂಬಿಕೆ
उम्मीद,ಭರವಸೆ
सफलता,ಯಶಸ್ಸು
उपलब्धि,ಸಾಧನೆ
चुनौती,ಸವಾಲ್
कोशिश,ಪ್ರಯತ್ನ
मेहनत,ಕಷ್ಟದ ಬೇಲೆ
आदत,ಅಭ್ಯಾಸ
समय,ಪೊರ್ತು
घटना,ಲೇಸ್
क्षण,ಪೊರ್ತು
पल,ಪೊರ್ತು
सपना,ಕನ
संकल्प,ತೀರ್ಮಾನ
प्यार,ಪ್ರೀತಿ
दोस्ती,ದೋಸ್ತಿಕತೆ
भावना,ಭಾವನೆ
झगड़ा,ಲಡಾಯಿ
गुस्सा,ಗರ್ವ
सहानुभूति,ಕನಿಕರ
समर्थन,ಸಮರ್ಥನ
सहयोग,ಸಹಯೋಗ
प्रेम,ಪ್ರೀತಿ
मिठास,ಸಿಹಿ
संतोष,ತೃಪ್ತಿ
प्रसन्नता,ಖುಷಿ
उत्साह,ಉಲ್ಲಾಸ
आश्चर्य,ಅದ್ಭುತ
अजीब,ಗುರ್ತ ಉಪ್ಪಂದಿನ
आनंद,ಖುಷಿ
शांति,ಶಾಂತತೆ
संवाद,ಸಂಭಾಷಣೆ
प्रेरणा,ಸ್ಪೂರ್ತಿ
साक्षात्कार,ಸಂದರ್ಶನ
उत्सव,ಆಚರಣೆ
छुट्टी,ರಜೆ
शादी,ಮದ್ಮೆ
समारोह,ಆಚರಣೆ
कार्यक्रम,ಕಾರ್ಯಕ್ರಮ
यात्रा,ತಿರ್ಗಾಟ
सफर,ತಿರ್ಗಾಟ
यात्र,ತಿರ್ಗಾಟ
पर्यटन,ಪ್ರವಾಸೋದ್ಯಮ
प्रकृति,ಸ್ವಭಾವ
सागर,ಕಡಲ್
पहाड़ी,ಗುಡ್ಡೆ
झरना,ಜಲಪಾತ
तालाब,ಕೆದು
कुंड,ಕೆದು
समुद्र,ಕಡಲ್
रेगिस्तान,ಪಡಿಲ್ ನೆಲ
बादल,ಮೋಡ
बरसात,ಬರ್ಸ
तूफान,ಬಿರುಗಾಳಿ
बिजली,ವಿದ್ಯುತ್
सूर्य,ಸೂರ್ಯೆ
चाँद,ಚಂದ್ರೆ
तारे,ನಕ್ಷತ್ರೊಲು
पृथ्वी,ಭೂಮಿ
ग्रह,ಗ್ರಹ
आकाश,ಬಾನ
गगन,ಬಾನ
अंतरिक्ष,ಬಾನ
वैज्ञानिक,ವಿಜ್ಞಾನಿ
ध्वनि,ಶಬ್ದ
उर्जा,ಬಲ
द्रव्य,ನೀರ್
परमाणु,ಪರಮಾಣು
अणु,ಅಣು
पदार्थ,ವಸ್ತ್
बल,ಒತ್ತಡ
गुरुत्व,ಗುರುತ್ವಾಕರ್ಷಣೆ
चुम्बक,ಆಯಸ್ಕಾಂತ
विकिरण,ವಿಕಿರಣ
तत्व,ಮೂಲವಸ್ತು
विद्युत,ವಿದ್ಯುತ್
धारा,ಧಾರೆ
वोल्टेज,ವೋಲ್ಟೇಜ್
करंट,ಇತ್ತೆದ
सर्किट,ಸರ್ಕ್ಯೂಟ್
गणना,ಲೆಕ್ಕ
अंकगणित,ಅಂಕಗಣಿತ
गणित,ಗಣಿತ
त्रिकोणमिति,ತ್ರಿಕೋನಮಿತಿ
बीजगणित,ಬೀಜಗಣಿತ
समीक,ಸಮೀಕ್
समीकरण,ಸಮೀಕರಣ
ज्यामिति,ಜ್ಯಾಮಿತಿ
आकार,ಸೈಝ್
रेखा,ಗೆರೆ
कोण,ಕೋನ
वृत्त,ಉರುಂಟು
वर्ग,ಸಾಮಾಜಿಕ ವರ್ಗ
पाई,ಪೈ
आयतन,ಒಟ್ಟು ಮೊತ್ತ
क्षेत्रफल,ಜಾಗ
द्रव्यमान,ಗರ್ದಿ
वजन,ತೂಕ
आयाम,ಆಯಾಮೊಲು
समय,ಪೊರ್ತು
साल,ವರ್ಷ
शतक,ನೂದುವರ್ಸ
दशक,ಪತ್ತುವರ್ಷ
युग,ಯುಗ
शांति,ಶಾಂತತೆ
जनसंख्या,ಜನಸಂಖ್ಯೆ
समाज,ಸಮಾಜ
शहर,ಪೇಂಟೆ
गांव,ಗ್ರಾಮ
प्रदेश,ಸ್ಥಿತಿ
राष्ट्र,ರಾಷ್ಟ್ರ
सीमा,ಮಿತಿ
दुश्मन,ಶತ್ರು
मित्र,ದೋಸ್ತಿಲು
सम्बन्ध,ಸಮ್ಮಂದ
सुरक्षा,ಕಾಪುನಾಯೆ
शासन,ಸರ್ಕಾರ
संविधान,ಸಂವಿಧಾನ
कानून,ಕಾನೂನು
संसद,ಪಾರ್ಲಿಮೆಂಟ್
सरकार,ಸರ್ಕಾರ
नियम,ನಿಯಮ
सेना,ಸೈನ್ಯ
हथियार,ಆಯುಧ
युद्ध,ಯುದ್ಧ
संघर्ष,ಲಡಾಯಿ
शांति,ಶಾಂತತೆ
भविष्य,ಭವಿಷ್ಯ
वर्तमान,ಇತ್ತೆ
क्रांति,ಬದಲಾವಣೆ ಮಲ್ಪುನು
लोकतंत्र,ಪ್ರಜಾತಂತ್ರೊ
अधिकार,ಹಕ್ಕುಲು
समानता,ಸಮಾನತೆ
धर्म,ಧರ್ಮ
सम्प्रदाय,ಪಂಥ
जाति,ಜಾತಿ ||
भाषा,ಭಾಷೆ
संस्कृति,ಸಂಸ್ಕೃತಿ
परंपरा,ಪಿರಾಕ್ ದ
संगीत,ಪದ್ಯ
नृत्य,ನಲ್ಪು
कला,ಕಲೆಗಾರಿಕೆ
हस्तकला,ಕರಕುಶಲ
चित्रकारी,ಚಿತ್ರ
मूर्तिकला,ಶಿಲ್ಪ
वस्त्र,ಬಟ್ಟೆ
गहने,ಪದ್ದೆಯಿ
पहनावा,ಅಟ್ಟಣೆ
जीवन,ಬದ್ ಕ್
जीना,ಬದುಕು
मरना,ಸಯ್ಪಿನಿ
जन्म,ಪುಟ್ಟು
मृत्यु,ಮರಣ
बुढ़ापा,ವೃದ್ಧಾಪ್ಯ
जवानी,ಜವ್ವನೆ
वृद्ध,ವೃದ್ಧ
बच्चा,ಬಾಲೆ
किशोर,ಟೀನ್
नवयुवक,ಜವನೆ
वृद्धावस्था,ವೃದ್ಧಾಪ್ಯ
अकेलापन,ಒಂಟಿತನ
समाज,ಸಮಾಜ
मित्रता,ದೋಸ್ತಿಕತೆ
सहयोग,ಸಹಯೋಗ
सहारा,ಬೆರಿಸಾಯ
प्रेरणा,ಸ್ಪೂರ್ತಿ
मार्गदर्शन,ಮಾರ್ಗದರ್ಶನ
अध्ययन,ಅಭ್ಯಾಸ
कार्य,ಬೆಲೆ
शिक्षण,ಬೋಧನೆ
सफलता,ಯಶಸ್ಸು
समस्या,ಸಮಸ್ಯೆ
समाधान,ಪಿರಿಕಟ್ಟ್
प्रयास,ಪ್ರಯತ್ನ್ಸ
योजना,ಯೋಜನೆ
निर्माण,ಕಟ್ಟುನು
सुरक्षा,ಕಾಪುನಾಯೆ
स्वास्थ्य,ಆರೋಗ್ಯ
जीवन,ಬದ್ ಕ್
खाद्य,ತಿನಸ್
मनुष्य,ಆಂಜೊವ್
बीज,ಬೀಜ
जड़,ಬೇರ್
पत्ता,ಇರೆ
शाखा,ಗೆಲ್ಲ್
तना,ಜೀವ
पौधा,ದೈ
गन्ना,ಕಬ್ಬು
मिट्टी,ಮಣ್ಣ್
बाग,ತೋಟ
झाड़ी,ಪುದೆಲ್
चारा,ಮೇವು
गाय,ಪೆತ್ತ
बकरी,ಏಡ್
ऊँट,ಒಂಟೆ
घोड़ा,ಕುದುರೆ
कुत्ता,ನಾಯಿ
बिल्ली,ಪುಚ್ಚೆ
चूहा,ಎಲಿ
हाथी,ಆನೆ
शेर,ಸಿಮ
बाघ,ಪಿಲಿ
हिरण,ಜಿಂಕೆ
चिड़िया,ಪಕ್ಕಿ
कबूतर,ಪುದ
मोर,ನವಿಲು
तोता,ಗಿಣಿ
मछली,ಮೀನ್
समुद्री,ಮರೈನ್
नाव,ವಾಡ
पानी,ನೀರ್
सीप,ಸಿಂಪಿ
रेत,ಪೊಯ್ಯೆ
सागर,ಕಡಲ್
तट,ಕ್ರಯ
प्रवास,ವಲಸೆ
पर्यटक,ಪ್ರವಾಸಿ
यायावर,ಪ್ರಯಾಣಿಕೆ
खोज,ನಾಡುನು
आशा,ಭರವಸೆ
रहस्य,ಗುಟ್ಟುದ
उत्सुकता,ಕುತೂಹಲ
रोशनी,ದೀಪೊಲು
सूरज,ಸೂರ್ಯೆ
शीत,ಚಳಿ
आकाश,ಬಾನ
ओस,ಇಬ್ಬನಿ
कोहरा,ಮೈಂದ್
तपिश,ಬೆಚ್ಚ
चाँदनी,ಚಂದ್ರನ ಬೊಲ್ಪು
अँधेरा,ಕಡು
तारे,ನಕ್ಷತ್ರೊಲು
चमक,ರೈಸುನು
आकाश,ಬಾನ
स्वप्न,ಕನ
कल्पना,ಕಲ್ಪನೆ
विचार,ಉಪಾಯ
प्रश्न,ಪ್ರಶ್ನೆ
उत्तर,ಉತ್ತರ
खोज,ನಾಡುನು
अन्वेषण,ತನಿಖೆ
ध्वनि,ಶಬ್ದ
लहर,ಸಿರೆ
तरंग,ಸಿರೆ
परिवर्तन,ಬದಲಾವನೆ
ऊर्जा,ಬಲ
प्रकाश,ಬೊಲ್ಪು
काल,ಕಾಲ
समय बहुत कीमती है,ಸಮಯ ಮಸ್ತ್ ಅಮೂಲ್ಯ
ज्ञान ही शक्ति है,ಜ್ಞಾನ ಪಂಡ ಶಕ್ತಿ
प्रयास कभी विफल नहीं होता,ಪ್ರಯತ್ನೊಲು ಏಪಲಾ ಸೋತುಜಿ
विनम्रता से सब कुछ प्राप्त होता है,ವಿನಮ್ರತೆಡ್ ಮಾತ ಸಾಧನೆ ಆಪುಂಡು
सच्चाई की जीत होती है,ಸತ್ಯ ಜಯಿಪುಂಡು
शांति का महत्व समझें,ಶಾಂತಿದ ಮಹತ್ವೊನು ಅರ್ಥ ಮಲ್ಪುಲೆ
संयम से काम करें,ತಾಳ್ಮೆಡ್ ಬೇಲೆ ಮಲ್ಪುಲೆ
आदर करना सीखें,ಗೌರವ ಮಲ್ಪೆರೆ ಕಲ್ಪುಲೆ
सरलता में सुंदरता है,ಸರಳತೆಡ್ ಸೌಂದರ್ಯ ಉಂಡು
आशा रखना न छोड़े,ಆಸೆನ್ ಏಪಲಾ ಬುಡೊರ್ಚಿ
ध्यान से सुनना सीखें,ಎಚ್ಚ ಗಮನೊಡು ಕೇನ್ರೆ ಕಲ್ಪುಲೆ
समय का सदुपयोग करें,ಸಮಯೊನು ಎಡ್ಡೆ ರೀತಿಡ್ ಬಳಕೆ ಮಲ್ಪುಲೆ
त्याग में महानता है,ತ್ಯಾಗಡ್ ಮಹತ್ವ ಉಂಡು
सदैव सकारात्मक रहें,ಯಾಪಲ ಸಕಾರಾತ್ಮಕವಾದ್ ಉಪ್ಪುಲೆ
हर दिन नया अवसर है,ಪ್ರತಿ ದಿನಲಾ ಒಂಜಿ ಪೊಸ ಅವಕಾಶ
संघर्ष से ही सफलता मिलती है,ಹೋರಾಟದ ಮೂಲಕ ಮಾತ್ರ ಯಶಸ್ಸು ಬರ್ಪುಂಡು
अपना कार्य पूरी निष्ठा से करें,ನಿಕ್ಲೆನ ಬೇಲೆನ್ ಪೂರ್ತಿ ಸಮರ್ಪಣೆಡ್ ಮಲ್ಪುಲೆ
दूसरों का सम्मान करें,ಬೇತೆಕ್ಲೆನ್ ಮಾನಾದಿಗೆ ಮಲ್ಪುಲೆ
धैर्य रखना महत्वपूर्ण है,ತಾಳ್ಮೆ ಮುಖ್ಯ
ईमानदारी से काम करें,ಪ್ರಾಮಾಣಿಕವಾದ್ ಬೇಲೆ ಮಲ್ಪುಲೆ
सोच-समझकर बोलें,ಯೋಚನೆ ಮಲ್ತ್ದ್ ಪಾತೆರ್ಲೆ
दोस्ती में सच्चाई होनी चाहिए,ದೋಸ್ತಿಡ್ ಸತ್ಯ ಉಪ್ಪೊಡು .
अपने लक्ष्य पर ध्यान दें,ನಿಕ್ಲೆನ ಗುರಿತ ಮಿತ್ತ್ ಗಮನ ಕೊರ್ಲೆ
शिक्षा सबसे बड़ा धन है,ಶಿಕ್ಷಣ ಪಂಡ ಮಲ್ಲ ಸಂಪೊತ್ತು
सच्चाई का साथ न छोड़ें,ಸತ್ಯೊನು ಬುಡ್ಡ ಬಲ್ಲಿ
समय पर काम करें,ಸಮಯೊಗು ಸರಿಯಾದ್ ಬೇಲೆ ಮಲ್ಪುಲೆ
परिश्रम सफलता की कुंजी है,ಕಷ್ಟ ಪನ್ಪುನವು ಯಶಸ್ಸ್‌ದ ಕೀಲಿ
हिम्मत से बढ़ें आगे,ಧೈರ್ಯೊಡು ದುಂಬು ಪೋಲೆ
किसी की मदद करें,ಏರೆಗ್ಲಾ ಸಹಾಯ ಮಲ್ಪುಲೆ
क्षमा करना सीखें,ಕ್ಷಮೆ ಮಲ್ಪೆರೆ ಕಲ್ಪುಲೆ
अच्छी संगति अपनाएँ,ಎಡ್ಡೆ ಸಂಗತಿನ್ ದೀಲೆ
सहयोगी बनें,ಒರಿ ಮಿತ್ರರಾಷ್ಟ್ರ ಆದ್ ಉಪ್ಪುಲೆ
गलतियों से सीखें,ತಪ್ಪುಡ್ದ್ ಕಲ್ಪುಲೆ
दिन की शुरुआत सकारात्मक हो,ದಿನೊನು ಸಕಾರಾತ್ಮಕವಾದ್ ಸುರು ಮಲ್ಪುಲೆ
रिश्तों को संभालें,ಸಂಬಂಧೊಲೆನ್ ನಿರ್ವಹಣೆ ಮಲ್ಪುಲೆ
खुद पर भरोसा रखें,ನಿಕ್ಲೆನ ಮಿತ್ತ್ ನಂಬಿಕೆ ದೀಲೆ
निरंतर सीखते रहें,ಕಲ್ಪುನ ಮುಂದುವರಿಸಲೆ
सभी के साथ विनम्र रहें,ಮಾತೆರೆಗ್ಲಾ ಸಭ್ಯವಾದ್ ಉಪ್ಪಡ್
कड़ी मेहनत करें,ಕಷ್ಟೊಡು ಬೇಲೆ ಮಲ್ಪುಲೆ
खुश रहना सीखें,ಸಂತೋಷೊಡು ಉಪ್ಪೆರೆ ಕಲ್ಪುಲೆ
नई बातें जानें,ಪೊಸ ಪೊಸ ವಿಷಯೊಲೆನ್ ಕಲ್ಪುಲೆ
बदलाव स्वीकारें,ಬದಲಾವಣೆನ್ ಸ್ವೀಕಾರ ಮಲ್ಪುಲೆ
अपनी कमियों को पहचानें,ನಿಕ್ಲೆನ ಕಮ್ಮಿಲೆನ್ ಗುರುತಿಸಾಲೆ
अच्छाई का साथ दें,ಎಡ್ಡೆತನೊಗು ಬೆಂಬಲ ಕೊರ್
दूसरों को प्रेरित करें,ಬೇತೆಕ್ಲೆಗ್ ಸ್ಫೂರ್ತಿ ಕೊರ್ಲೆ
खुद को सुधारें,ನಿಕ್ಲೆನ್ ನಿಕುಲು ಸುಧಾರಣೆ ಮಲ್ಪುಲೆ
सेहत का ध्यान रखें,ಆರೋಗ್ಯದ ಬಗ್ಗೆ ಕಾಳಜಿ ದೀಲೆ|
संयमित जीवन जीएं,ಸಮತೋಲಿತ ಜೀವನ ಮಲ್ಪುಲೆ
समय का पालन करें,ಸಮಯೊನು ಅನುಸರಿಸಲೆ
सफाई,ಸ್ವಚ್ಛ ಮಲ್ಪುನ
आदेश,ಕ್ರಮ
अवसर,ಅವಕಾಶ
सम्मान,ಮರ್ಯಾದೆ
प्रोत्साहन,ಬೆರಿಸಾಯ
योगदान,ಕೊಡುಗೆ
योग्यता,ಸಾಮರ್ಥ್ಯ
शिष्टाचार,ಶಿಷ್ಟಾಚಾರ
योजना,ಯೋಜನೆ
प्राथमिकता,ಆದ್ಯತೆ
विचार,ಉಪಾಯ
नसीहत,ಸಲಹೆ
प्रेरणा,ಸ್ಪೂರ್ತಿ
सादगी,ಸರಳತೆ
मनोबल,ನೈತಿಕತೆ
परिचय,ಪರಿಚಯ
जिम्मेदारी,ಜವಾಬ್ದಾರಿ
सफलता,ಯಶಸ್ಸು
विश्लेषण,ವಿಶ್ಲೇಷಣೆ
संवाद,ಸಂಭಾಷಣೆ
प्रशिक्षण,ತರಬೇತಿ
कर्तव्य,ಕಜ್ಜ
भूमिका,ಪಾತ್ರ
संरक्षण,ರಕ್ಷಣೆ
समर्थन,ಸಮರ್ಥನ
प्राथमिकता,ಆದ್ಯತೆ
ध्यान,ಗಮನ
महत्त्व,ಮಹತ್ವ
मोल,ಬಿಲೆ
समय,ಪೊರ್ತು
प्रभाव,ಪರಿಣಾಮ
निर्णय,ತೀರ್ಮಾನ
संतुलन,ಸಮತೋಲನ
समर्पण,ಸಮರ್ಪನೆ
विवेक,ವಿವೇಚನೆ
विनम्रता,ಸಭ್ಯತೆ
क्षमा,ಕ್ಷಮೆ
आशीर्वाद,ಆಶೀರ್ವಾದೊಲು
कृतज्ञता,ಸೊಲ್ಮೆಲು
उत्सव,ಆಚರಣೆ
विरासत,ಪರಂಪರೆ
समाधान,ಸಮಾಧಾನ
उद्देश्य,ಉದ್ದೇಶ
स्नेह,ಮೋಕೆ
दया,ಕನಿಕರ
सहनशीलता,ಸಹಿಸುನು
संतोष,ತೃಪ್ತಿ
साहस,ಧೈರ್ಯ
समर्पण,ಸಮರ್ಪನೆ
परोपकार,ದಾನ-ಧರ್ಮ
अनुभव,ಅನುಭವ
मुस्कान,ತೆಲಿಕೆ
समझदारी,ಬುದ್ಧಿವಂತಿಗೆ
कल्पना,ಕಲ್ಪನೆ
क्षमता,ಶಕ್ತಿ
नए अवसरों को अपनाएं,ಪೊಸ ಅವಕಾಶೊಲೆನ್ ಸ್ವೀಕಾರ ಮಲ್ಪುಲೆ
खुद पर भरोसा रखें,ನಿಕ್ಲೆನ ಮಿತ್ತ್ ನಂಬಿಕೆ ದೀಲೆ
अच्छा करने की कोशिश करें,ಎಡ್ಡೆ ಮಲ್ಪೆರೆ ಪ್ರಯತ್ನ ಮಲ್ಪುಲೆ
अभ्यास करते रहें,ಅಭ್ಯಾಸ ಮಲ್ತೊಂದು ಇಪ್ಪುಲೆ
रोज कुछ नया सीखें,ದಿನೊಲ ಒಂಜಿ ಪೊಸತ್ ದಾದನಾ ಕಲ್ಪುಲೆ
हार मत मानें,ಬುಡುದು ಕೊರೊಚಿ
सही राह चुनें,ಸರಿಯಾಯಿನ ಸಾದಿನ್ ಆಯ್ಕೆ ಮಲ್ಪುಲೆ
दूसरों की मदद करें,ಬೇತೆಕ್ಲೆಗ್ ಸಹಾಯ ಮಲ್ಪುಲೆ
अपने विचारों को मजबूत रखें,ನಿಕ್ಲೆನ ಆಲೋಚನೆಲೆನ್ ಗಟ್ಟಿಯಾದ್ ದೀಲೆ
स्वयं पर विश्वास करें,ನಿಕ್ಲೆನ ಮಿತ್ತ್ ನಂಬಿಕೆ ದೀಲೆ
जिम्मेदारी समझें,ಜವಾಬ್ದಾರಿನ್ ಅರ್ಥ ಮಲ್ಪುಲೆ
साहस से आगे बढ़ें,ಧೈರ್ಯೊಡು ದುಂಬು ಪೋಲೆ
दूसरों का आदर करें,ಬೇತೆಕ್ಲೆನ್ ಗೌರವ ಮಲ್ಪುಲೆ
अपने वचन निभाएं,ನಿನ್ನ ಪಾತೆರನ್ ದೀಲೆ
खुद को प्रेरित करें,ನಿಕ್ಲೆನ್ ನಿಕ್ಲೆ ಪ್ರೇರೇಪಿಸಲೆ
नए लक्ष्य बनाएं,ಪೊಸ ಗುರಿಲೆನ್ ಸೃಷ್ಟಿ ಮಲ್ಪುಲೆ
धैर्य बनाए रखें,ತಾಳ್ಮೆ ಮಲ್ಪುಲೆ
ज्ञान अर्जित करें,ಜ್ಞಾನ ಗಳಸೊಡು
मेहनत का फल मिलेगा,ಕಷ್ಟದ ಬೇಲೆ ಫಲ ಕೊರ್ಪುಂಡು
खुद की कद्र करें,ನಿಕ್ಲೆನ್ ಮೆಚ್ಚಿಲೆ
कड़ी मेहनत सफलता की चाबी है,ಕಷ್ಟ ಪನ್ಪುನವು ಯಶಸ್ಸ್‌ದ ಕೀಲಿ
हमेशा सीखते रहें,ಯಾಪಲ ಕಲ್ಪುನ ಮುಂದುವರಿಸೊಡು
अपेक्षा,ನಿರೀಕ್ಷೆ
अधिकार,ಹಕ್ಕ್
अवसर,ಅವಕಾಶ
अनुशासन,ಶಿಸ್ತ್
प्रयास,ಪ್ರಯತ್ನ
पराक्रम,ಧೈರ್ಯ
कृपा,ವಿನಯ
स्वीकृति,ಸ್ವೀಕಾರ
कुशलता,ಸಾಮರ್ಥ್ಯ
संकल्प,ತೀರ್ಮಾನ
निरंतरता,ನಿರಂತರತೆ
अनुकरण,ಅನುಕರಣೆ
निष्ठा,ನಿಯತ್ತ್
प्रेरणा,ಸ್ಪೂರ್ತಿ
परिश्रम,ಕೆಲಸದಕುಲು
प्रभाव,ಪರಿಣಾಮ
आशावाद,ಆಶಾವಾದ
आप कैसे हैं?,ಯೀರ್ ಎಂಚ ಉಲ್ಲರ್?
आप कहाँ जा रहे हैं?,ಈರ್ ಎಲ್ಲಿಗ್ ಪೋವೊಂದುಲ್ಲರ್?
मुझे भूख लगी है।,ಎಂಕ್ ಬಡವು ಉಂಡು.
क्या आप पानी लाएंगे?,ಈರ್ ನೀರ್ ದೆತೊಂದು ಬರ್ಪರ್?
मैं सो रहा हूँ।,ಯಾನ್ ನಿದ್ರೆಡ್ ಉಲ್ಲೆ.
आपका दिन कैसा था?,ಇರೆನ ದಿನ ಎಂಚ ಇತ್ತುಂಡ್?
मुझे थोड़ी मदद चाहिए।,ಎಂಕ್ ಒಂಜಿ ಸಹಾಯ ಬೋಡು.
यह बहुत अच्छा है।,ಉಂದು ಬಾರಿ ಎಡ್ಡೆ.
आपकी उम्र क्या है?,ನಿಕ್ಲೆನ ಪ್ರಾಯ ಎಂಚ ಉಂಡು?
मुझे हिंदी सीखना है।,ಎಂಕ್ ಹಿಂದಿ ಕಲ್ಪೊಡು ಪನ್ಪಿನ ಮನಸ್ಸ್ ಉಂಡು.
आज मौसम कैसा है?,ಇನಿ ಹವಾಮಾನ ಎಂಚ ಉಂಡು?
क्या आप तैयार हैं?,ಈರ್ ತಯಾರ್ ಉಲ್ಲರ್?
मुझे काम करने दो।,ಎಂಕ್ ಬೇಲೆ ಮಲ್ಪೆರೆ ಬುಡ್ಲೆ.
आप क्या कर रहे हैं?,ಯೀರ್ ಎಂಚಿನ ಮಲ್ತೊಂದುಲ್ಲರ್?
मैं पढ़ाई कर रहा हूँ।,ಯಾನ್ ಅಧ್ಯಯನ ಮಲ್ತೊಂದುಲ್ಲೆ.
क्या आप यहाँ रहते हैं?,ಈರ್ ಮುಲ್ಪ ಉಲ್ಲರ್?
मुझे एक किताब चाहिए।,ಎಂಕ್ ಒಂಜಿ ಪುಸ್ತಕ ಬೋಡು.
यह किसका घर है?,ಉಂದು ಏರೆನ ಇಲ್ಲ್?
क्या आप फिल्म देखेंगे?,ಈರ್ ಸಿನಿಮಾ ತೂವೊಲಿ?
मुझे नींद आ रही है।,ಎಂಕ್ ನಿದ್ರೆ ಬರ್ಪುಂಡು.
क्या आपको मेरी मदद चाहिए?,ನಿಕ್ಲೆಗ್ ಎನ್ನ ಸಹಾಯ ಬೋಡು?
आप क्या पसंद करते हैं?,ನಿಕ್ಲೆಗ್ ದಾದ ಇಷ್ಟ?
मुझे जल्दी है।,ಎಂಕ್ ಅವಸರ ಉಂಡು.
यह बहुत महंगा है।,ಉಂದು ಮಸ್ತ್ ದುಬಾರಿ.
मुझे कुछ खरीदना है। ,ಎಂಕ್ ದಾದನಾ ದೇಥೊನ್ರೆ ಉಂಡು
आप कौन-सी भाषा बोलते हैं?,ಈರ್ ವಾ ಬಾಸೆ ಪಾತೆರುನ?
यह क्या है?,ಉಂದು ಎಂಚಿನ?
मुझे घर जाना है।,ಎಂಕ್ ಇಲ್ಲಗ್ ಪೋಯೆರೆ ಬೋಡು.
आप कहाँ काम करते हैं?,ಈರ್ ಒಲ್ಪ ಬೇಲೆ ಮಲ್ಪುನು?
मुझे और समय चाहिए।,ಎಂಕ್ ಜಾಸ್ತಿ ಸಮಯ ಬೋಡು.
मैं बाजार जा रहा हूँ।,ಯಾನ್ ಮಾರುಕಟ್ಟೆಗ್ ಪೋವೊಂದುಲ್ಲೆ.
क्या आपको चाय पसंद है?,ನಿಕ್ಲೆಗ್ ಚಾ ಇಷ್ಟ ಆಪುಂಡಾ?
आप क्या सुन रहे हैं?,ಈರ್ ದಾದ ಕೇನ್ವೊಂದುಲ್ಲರ್?
मैं ठीक हूँ।,ಯಾನ್ ಹುಶಾರ್ ಉಲ್ಲೆ.
आप क्या सोचते हैं?,ನಿಕ್ಲೆಗ್ ದಾದ ಅನಿಸಿಕೆ?
यह खाना बहुत स्वादिष्ट है।,ಈ ತಿನ್ಪಿನವು ಮಸ್ತ್ ರುಚಿಯಾದುಂಡು.
मुझे माफ करना।,ದಯಮಲ್ತ್ ಎನ್ನನ್ ಕ್ಷಮೆ ಮಲ್ಪುಲೆ.
आपको क्या चाहिए?,ನಿಕ್ಕು ಎಂಚಿನ ಬೋಡು?
मुझे समझ में नहीं आया।,ಎಂಕ್ ಅರ್ಥ ಆಯಿಜಿ
क्या आप मेरे साथ चलेंगे?,ಈರ್ ಎನ್ನೊಟ್ಟುಗು ಬರ್ಪರ್?
यह मेरे लिए महत्वपूर्ण है।,ಉಂದು ಎಂಕ್ ಮುಖ್ಯ.
मुझे अच्छा लग रहा है।,ಎಂಕ್ ಎಡ್ಡೆ ಅನುಭವ ಆಪುಂಡು.
क्या आप छुट्टियों पर जा रहे हैं?,ಈರ್ ರಜೆಟ್ ಪೋವೊಂದುಲ್ಲರ್?
मुझे कल आना है।,ಎಂಕ್ ಎಲ್ಲೆ ಬರೊಡಾಪುಂಡು.
आप यहाँ कब आए?,ಈರ್ ಏಪ ಮುಲ್ಪ ಬತ್ತರ್?
मुझे मदद करने के लिए धन्यवाद।,ಎಂಕ್ ಸಹಾಯ ಮಲ್ತಿನಕ್ಲೆಗ್ ಸೊಲ್ಮೆಲು.
यह सही है।,ಉಂದು ಸರಿ.
